<?xml version="1.0" encoding="UTF-8"?>
<XMLDB PATH="mod/tomaetest/db" VERSION="20240205" COMMENT="XMLDB file for Moodle mod_tomaetest"
  xmlns:xsi="http://www.w3.org/2001/XMLSchema-instance"
  xsi:noNamespaceSchemaLocation="../../../lib/xmldb/xmldb.xsd"
>
  <TABLES>
    <TABLE NAME="tomaetest" COMMENT="Stores the tomaetest activity module instances.">
      <FIELDS>
        <FIELD NAME="id" TYPE="int" LENGTH="10" NOTNULL="true" SEQUENCE="true" />
        <FIELD NAME="course" TYPE="int" LENGTH="10" NOTNULL="true" SEQUENCE="false"
          COMMENT="ID of the course this activity is part of." />
        <FIELD NAME="name" TYPE="char" LENGTH="255" NOTNULL="true" SEQUENCE="false"
          COMMENT="The name of the activity module instance" />
        <FIELD NAME="timecreated" TYPE="int" LENGTH="10" NOTNULL="true" DEFAULT="0" SEQUENCE="false"
          COMMENT="Timestamp of when the instance was added to the course." />
        <FIELD NAME="timemodified" TYPE="int" LENGTH="10" NOTNULL="true" DEFAULT="0"
          SEQUENCE="false" COMMENT="Timestamp of when the instance was last modified." />
        <FIELD NAME="intro" TYPE="text" NOTNULL="false" SEQUENCE="false"
          COMMENT="Activity description." />
        <FIELD NAME="introformat" TYPE="int" LENGTH="4" NOTNULL="true" DEFAULT="0" SEQUENCE="false"
          COMMENT="The format of the intro field." />
        <FIELD NAME="tet_id" TYPE="int" LENGTH="10" NOTNULL="false" SEQUENCE="false"
          COMMENT="activity id in TET" />
        <FIELD NAME="is_ready" TYPE="int" LENGTH="1" NOTNULL="true" DEFAULT="0" SEQUENCE="false"
          COMMENT="specifies whether setup on TET was finished (0 or 1)" />
        <FIELD NAME="is_finished" TYPE="int" LENGTH="1" NOTNULL="true" DEFAULT="0" SEQUENCE="false"
          COMMENT="specifies whether activity is finished &amp;amp; closed (0 or 1)" />
        <FIELD NAME="extradata" TYPE="text" NOTNULL="false" SEQUENCE="false"
          COMMENT="JSON extraData regarding the quiz" />
      </FIELDS>
      <KEYS>
        <KEY NAME="primary" TYPE="primary" FIELDS="id" />
        <KEY NAME="fk_course" TYPE="foreign" FIELDS="course" REFTABLE="course" REFFIELDS="id" />
      </KEYS>
    </TABLE>
    <TABLE NAME="tet_courses" COMMENT="Stores the tomaetest courses mapping.">
      <FIELDS>
        <FIELD NAME="id" TYPE="int" LENGTH="10" NOTNULL="true" SEQUENCE="true" />
        <FIELD NAME="mdl_course" TYPE="int" LENGTH="10" NOTNULL="true" SEQUENCE="false"
          COMMENT="ID of the course in moodle." />
        <FIELD NAME="tet_course" TYPE="int" LENGTH="10" NOTNULL="true" SEQUENCE="false"
          COMMENT="ID of the course in tet." />
      </FIELDS>
      <KEYS>
        <KEY NAME="primary" TYPE="primary" FIELDS="id" />
        <KEY NAME="fk_course" TYPE="foreign" FIELDS="mdl_course" REFTABLE="course" REFFIELDS="id" />
        <KEY NAME="unique_tet" TYPE="unique" FIELDS="tet_course" />
      </KEYS>
    </TABLE>

  </TABLES>
</XMLDB>